Customer_ID,Company_name
151,Kirlin  Prohaska and Windler
152,Smith-Jacobs
153,Torp Inc
154,Runte LLC
155,Kuhn LLC
156,Braun  Bartoletti and Torp
157,Upton  Bogisich and Schuster
158,Walter  Metz and Ruecker
159,Windler-Kub
160,Vandervort and Sons
161,Lang-Stracke
162,Parisian Inc
163,Mann-Hettinger
164,Luettgen-Kub
165,Kshlerin  Johnson and Kris
166,Strosin Inc
167,Kub and Sons
168,Gutkowski Group
169,Bailey LLC
170,Hills Group
171,Wolff-Effertz
172,Stoltenberg  Aufderhar and Koepp
173,Ortiz-Homenick
174,Feest Group
175,Carroll Inc
176,Dietrich  Hintz and Schmidt
177,Kulas  Turner and Funk
178,Pouros-Schiller
179,Bernhard-Wyman
180,Marvin-Boyle
181,OReilly and Sons
182,Murray-Halvorson
183,Hegmann-Stracke
184,Glover Group
185,Mann  Oberbrunner and Schaden
186,Hickle-Volkman
187,Morar-Dickens
188,Emard-Leannon
189,Kirlin and Sons
190,Fisher  Marvin and Gerlach
191,Cruickshank-Russel
192,Torp Inc
193,Nicolas and Sons
194,Denesik-Skiles
195,Schmitt  Russel and Yundt
196,MacGyver LLC
197,Thompson-Wintheiser
198,Reinger  Toy and Yundt
199,Mitchell-Brakus
200,Eichmann-Wyman
201,Marquardt-Weimann
202,Champlin Inc
203,Rodriguez and Sons
204,Lind  Quitzon and Ferry
205,Kerluke  Mosciski and Weber
206,Ferry  Keebler and Krajcik
207,Weissnat  Hartmann and Harvey
208,Wintheiser LLC
209,Rowe  Larkin and Cartwright
210,Miller  Lynch and Homenick
211,Schmitt-Bosco
212,Huel-Abbott
213,Reichert-Rosenbaum
214,Trantow Group
215,Bradtke Inc
216,Becker Group
217,Cummings-Cassin
218,Walter Inc
219,Hintz Group
220,Gaylord  Zieme and Hills
221,Schaefer-Jacobson
222,Conn  Carter and Rempel
223,Mante  Hyatt and Ortiz
224,Wolf Group
225,MacGyver  Williamson and Stroman
226,Bayer-Hills
227,Haag  Schultz and Morar
228,Feest-Kemmer
229,Beatty  Waters and OConnell
230,Gerhold  Legros and Ernser
231,Blick Inc
232,Schuppe  Dach and Rowe
233,Roberts  Windler and Feil
234,Reichert and Sons
235,Carroll  Veum and Parker
236,Lowe LLC
237,OHara  Macejkovic and Bogisich
238,Cartwright  Murphy and Johns
239,Nikolaus  Dibbert and Kassulke
240,Witting LLC
241,Purdy  Strosin and Schmitt
242,Swift  Haley and Romaguera
243,Feeney Group
244,Hintz  Kling and Gleichner
245,Jacobs LLC
246,Lehner-Dibbert
247,Bechtelar Inc
248,Lindgren  Buckridge and Jast
249,Orn Group
250,Kihn  Casper and Rau
251,Lemke-Hauck
252,Heller Group
253,Homenick LLC
254,Gibson-Schumm
255,Kautzer-Weissnat
256,Cruickshank  Ernser and Sawayn
257,McLaughlin  Romaguera and Fritsch
258,Kovacek  Frami and Walsh
259,Mohr  Schumm and Wisoky
260,Windler-McGlynn
261,Watsica LLC
262,Fay-Watsica
263,Reinger  Haag and Bauch
264,Cole Inc
265,Schneider-Gaylord
266,Bauch  Mante and Gleichner
267,Prosacco-Simonis
268,Weimann Group
269,Fay and Sons
270,Schmidt-Cassin
271,Pfannerstill Inc
272,Mosciski-Cummings
273,Dickens-Hudson
274,Bradtke  Marks and Donnelly
275,Rosenbaum Group
276,Ziemann-Breitenberg
277,Aufderhar Group
278,Labadie-Lang
279,Hand  Wolf and Blanda
280,Homenick-Bode
281,Mosciski  Wolff and Christiansen
282,Paucek-Abbott
283,Ankunding and Sons
284,Lynch Group
285,Bayer and Sons
286,Kulas and Sons
287,Muller and Sons
288,Stanton and Sons
289,Homenick  Krajcik and Fisher
290,Robel  Nitzsche and Konopelski
291,Watsica-Labadie
292,Rippin and Sons
293,Senger  McCullough and Torp
294,Kirlin-Rice
295,Gislason-Hilpert
296,Doyle-Heidenreich
297,Bernier-Ondricka
298,Lebsack  Marquardt and Raynor
299,Abshire  Schaden and Kemmer
300,Lynch Inc