Customer_ID,First_name,Last_name,Street,City,State,Zip,Phone
1,Ernst,Skrine,59099 Pepper Wood Street,Anchorage,Alaska,64935,907-982-3207
2,Robby,Junes,47 Dorton Drive,Sacramento,California,37458,916-171-7348
3,Ianthe,Darley,04 Tennessee Pass,North Las Vegas,Nevada,21023,702-854-8598
4,Marketa,Corbally,97 6th Court,Lakewood,Washington,61127,253-113-8012
5,Adolphe,Knok,096 Larry Terrace,Santa Fe,New Mexico,59032,505-727-8996
6,Dyanna,Salman,51 Alpine Circle,Grand Junction,Colorado,35311,970-951-9349
7,Trudy,Oxenham,15 Dayton Place,Gulfport,Mississippi,26135,228-516-1910
8,Ulises,Kinzel,582 Milwaukee Terrace,Washington,District of Columbia,67216,202-329-3519
9,Corey,Bruck,5889 Village Avenue,Salt Lake City,Utah,61767,801-165-4997
10,Rebbecca,Droogan,4654 Pond Parkway,Fort Wayne,Indiana,54056,260-268-3397
11,Thatch,Nurdin,8166 Sullivan Way,Raleigh,North Carolina,78986,919-383-9185
12,Woodrow,Darracott,260 Atwood Terrace,New Orleans,Louisiana,67525,504-215-7950
13,Liesa,Cockill,4943 Judy Alley,Milwaukee,Wisconsin,29602,414-220-7692
14,Victoria,Doche,5573 Northfield Road,Amarillo,Texas,57909,806-636-1838
15,Gram,Keller,3910 Sachtjen Parkway,Monticello,Minnesota,14923,763-283-9349
16,Marlyn,Cowell,118 4th Place,Yakima,Washington,95406,509-129-7980
17,Tedi,Riseborough,3698 Namekagon Way,El Paso,Texas,10978,915-683-1895
18,Flinn,Haselgrove,3 Havey Drive,Pensacola,Florida,76523,850-800-8504
19,Ozzie,Gronauer,3466 Katie Terrace,Cleveland,Ohio,34922,216-229-0502
20,Ofilia,Snooks,28 Oak Valley Plaza,Santa Fe,New Mexico,79548,505-100-6872
21,Rosalie,Vanelli,6007 Twin Pines Terrace,Aiken,South Carolina,18633,803-435-8365
22,Tobit,Walak,623 Oak Crossing,Milwaukee,Wisconsin,75096,262-869-4161
23,Yankee,Cullingford,4172 Lyons Road,Tacoma,Washington,23335,253-753-9659
24,Tome,Loseke,37 Eliot Junction,Seattle,Washington,28436,425-472-9511
25,Vinni,Ewins,50 Bultman Pass,Washington,District of Columbia,68597,202-262-3084
26,Dimitry,Rainard,7 Northland Circle,Corpus Christi,Texas,73238,361-572-2587
27,Giffie,Asplen,3 Roxbury Center,New York City,New York,51722,212-334-4241
28,Liam,Barabisch,62191 Porter Park,Davenport,Iowa,17090,563-890-9291
29,Latashia,Clitherow,3440 Magdeline Hill,Los Angeles,California,23068,213-974-6396
30,Channa,Elphey,87 Straubel Terrace,Peoria,Illinois,80403,309-762-7332
31,Thayne,Boni,7958 Memorial Pass,Biloxi,Mississippi,16932,228-840-7829
32,Stormy,Matijasevic,782 Shasta Junction,Melbourne,Florida,33845,321-129-3351
33,Gerri,Benian,9 Springview Parkway,Texarkana,Texas,59759,903-919-3427
34,Rouvin,Sargint,373 Ryan Plaza,Alexandria,Virginia,67168,571-107-3103
35,Constancia,Shilstone,755 Holmberg Court,Arlington,Virginia,34226,571-135-0708
36,Myrlene,Barns,0 Stang Drive,North Little Rock,Arkansas,40270,501-873-5175
37,Aeriela,OCurrine,41 Sycamore Alley,Shreveport,Louisiana,33984,318-833-6876
38,Isiahi,Mcimmie,51787 Commercial Court,Dayton,Ohio,18515,937-468-0056
39,Timoteo,Mc Carroll,72161 Hoepker Avenue,Warren,Michigan,54579,810-420-6172
40,Walsh,McLuckie,5 Bunker Hill Junction,Baton Rouge,Louisiana,90715,225-134-1356
41,Harper,Larn,99880 Farmco Place,Fort Lauderdale,Florida,51660,954-134-4989
42,Lora,Northin,85313 Red Cloud Terrace,San Diego,California,17918,949-633-1906
43,Kimberlee,Beale,765 Bluestem Court,Billings,Montana,18812,406-966-0191
44,Teddy,Blundin,43 Duke Crossing,Beaumont,Texas,81965,936-367-9795
45,Juditha,Beall,653 Fairfield Street,Atlanta,Georgia,88295,770-153-1410
46,Ralina,Rockingham,54 Fallview Street,Young America,Minnesota,93318,952-649-4722
47,Billy,Kobus,43930 Anderson Park,Kansas City,Missouri,26022,816-625-6649
48,Jannelle,Scarratt,126 Comanche Junction,Portland,Maine,64102,207-584-8677
49,Zacharie,Coping,337 Eastwood Way,Washington,District of Columbia,34480,202-202-8781
50,Malcolm,Goodread,81 Trailsway Park,Washington,District of Columbia,81046,202-725-5867
51,Grace,Esch,53 Heffernan Terrace,Baton Rouge,Louisiana,82113,225-264-0333
52,Glynnis,Raubenheimers,02603 Clyde Gallagher Hill,Columbus,Ohio,51079,614-775-5272
53,Suzi,Took,24383 Corscot Street,Indianapolis,Indiana,63246,317-451-3470
54,Nola,Wildes,91075 Nova Way,Sacramento,California,67538,916-383-4554
55,Bronson,Limeburn,188 Mosinee Place,San Antonio,Texas,20497,210-678-0414
56,Fey,Bradbeer,82038 Clyde Gallagher Lane,Winston Salem,North Carolina,23017,336-582-2206
57,Paolina,Cromleholme,4 Macpherson Crossing,New York City,New York,28129,212-401-8679
58,Vinita,Sanpere,9291 Katie Park,Fort Pierce,Florida,79628,772-486-9435
59,Emmet,Buckland,484 Hooker Park,Nashville,Tennessee,20937,615-522-2390
60,Aubrie,Butterwick,52582 Twin Pines Point,Ventura,California,45741,805-221-0315
61,Harcourt,Maypowder,60 Jenna Trail,Sacramento,California,28431,916-166-9168
62,Carlee,Eginton,04413 Division Parkway,Oklahoma City,Oklahoma,93361,405-934-4565
63,Hadleigh,Redpath,02684 Gulseth Center,Shreveport,Louisiana,54239,318-387-8616
64,Patricio,Paolini,65 Forster Avenue,Houston,Texas,30138,713-252-4644
65,Erminie,Keatley,24 Morning Park,Anderson,South Carolina,70940,864-712-0583
66,Hilliary,Heasman,3 Corben Place,Washington,District of Columbia,92038,202-252-9621
67,Anne-corinne,Hanscomb,577 Kings Road,Ogden,Utah,87700,801-633-7228
68,Alecia,Williams,783 Kings Parkway,Tacoma,Washington,99218,253-444-4857
69,Gerald,Martinson,000 American Center,Wilkes Barre,Pennsylvania,87492,570-786-3955
70,Dru,Garrad,55 Logan Circle,Hartford,Connecticut,72718,860-871-3308
71,Faye,Fairbard,9272 Toban Alley,Dallas,Texas,71584,214-667-1582
72,Andromache,Marzele,46 Mifflin Trail,Lake Worth,Florida,47139,561-581-2824
73,Saundra,Dudding,799 Doe Crossing Plaza,New Haven,Connecticut,28194,203-375-8886
74,Cathryn,Skoggings,53947 Hauk Junction,Tallahassee,Florida,27231,850-838-2819
75,Rodrick,Fernier,3119 Hazelcrest Junction,Erie,Pennsylvania,49343,814-706-2730
76,Mallissa,Bram,822 Truax Point,Birmingham,Alabama,33277,205-395-8454
77,Trevor,Ginnally,58 Harbort Avenue,Kansas City,Missouri,10162,816-773-2846
78,Lucilia,Southernwood,30958 Lillian Hill,Denver,Colorado,71480,720-543-7764
79,Vannie,Biaggiotti,43 Texas Circle,San Diego,California,33550,619-958-4761
80,Jaimie,Parley,3065 Dovetail Plaza,Monticello,Minnesota,18386,763-738-5823
81,Tatum,Toth,39 Riverside Drive,Austin,Texas,63918,512-248-4897
82,Loralie,Woodsford,6104 Ridge Oak Trail,Mobile,Alabama,70486,251-750-8363
83,Erl,Rabier,973 Lunder Alley,Miami,Florida,31004,786-535-7470
84,Timofei,Foister,229 Namekagon Center,Corpus Christi,Texas,64253,361-326-1568
85,Rosita,Lindop,42 Prentice Crossing,Clearwater,Florida,12144,727-662-7274
86,Antonietta,Langridge,2 Saint Paul Lane,Greensboro,North Carolina,29892,336-310-4633
87,Constantin,Windless,66 Rusk Drive,Zephyrhills,Florida,32481,813-226-5681
88,Barry,Putterill,1421 Gale Park,Boulder,Colorado,97188,303-307-8878
89,Cart,Carrel,6678 Superior Drive,Norcross,Georgia,29558,404-865-1116
90,Moll,Perrigo,4619 Pearson Court,New Orleans,Louisiana,64274,985-745-1064
91,Doloritas,Mycroft,30 Melvin Street,Bismarck,North Dakota,36758,701-661-9064
92,Perri,Roft,09889 Union Road,Elizabeth,New Jersey,94125,908-118-0719
93,Frants,Tookill,671 Luster Crossing,Gaithersburg,Maryland,98067,240-536-3677
94,Brennen,Pescud,13991 Milwaukee Road,Beaumont,Texas,13352,409-361-9422
95,Gustavus,Bleby,9 Cherokee Hill,Richmond,Virginia,61280,804-394-8162
96,Lane,McBrier,9735 Duke Road,Albuquerque,New Mexico,48225,505-262-2982
97,Lind,Mourgue,5 Sutherland Crossing,Mountain View,California,49211,650-111-9538
98,Pauletta,Coats,757 Kipling Lane,Saint Paul,Minnesota,78533,952-550-3581
99,Honey,Sleany,8261 Westend Terrace,Tucson,Arizona,71223,520-258-1490
100,Lowe,Crampsy,482 Rusk Center,Honolulu,Hawaii,17347,808-946-2704
101,Celka,Craister,2 Eastwood Park,San Francisco,California,34377,415-418-0219
102,Nari,Coke,7167 Nevada Court,Orlando,Florida,73839,954-417-9385
103,Sullivan,Nolleth,9853 Sheridan Street,Seattle,Washington,19654,360-710-9802
104,Romain,Ruusa,381 Hansons Road,Harrisburg,Pennsylvania,50870,717-884-4041
105,Mabel,Abbess,07750 Del Mar Plaza,Atlanta,Georgia,42139,404-444-7754
106,Mandel,Thornton-Dewhirst,379 Atwood Street,Vancouver,Washington,20829,360-946-2329
107,Tandie,Nuth,88776 Roth Crossing,Macon,Georgia,26072,478-931-3858
108,Hayes,McCrackan,31086 Fuller Pass,Dallas,Texas,15772,972-535-1656
109,Greg,Mariet,98593 Ludington Parkway,San Antonio,Texas,18261,830-540-7599
110,Zebadiah,Dienes,82 Parkside Terrace,Buffalo,New York,66471,716-563-0105
111,Gordon,Bartkiewicz,3086 Lerdahl Park,Young America,Minnesota,19336,952-546-2244
112,Ollie,Dobson,275 Reindahl Alley,Wilmington,North Carolina,96382,910-705-8730
113,Lynett,Kwietak,1458 Messerschmidt Terrace,Memphis,Tennessee,55163,901-941-5164
114,Temp,Eisenberg,4789 Hudson Street,Saint Paul,Minnesota,12166,651-137-6763
115,Francine,Kroon,18028 Mallory Crossing,Los Angeles,California,41822,213-985-8387
116,Gratiana,Charity,45741 Sundown Plaza,Cedar Rapids,Iowa,33898,319-105-7131
117,Cecily,Licquorish,047 Arizona Park,Boston,Massachusetts,68038,617-208-7102
118,Loren,MacCallister,8 Walton Circle,Alexandria,Virginia,37702,202-605-4107
119,Ilse,Lakey,925 Mifflin Street,Chicago,Illinois,11641,312-877-6262
120,Anthia,Sommersett,3674 Bobwhite Drive,Muskegon,Michigan,43359,231-999-6394
121,Marwin,Frayling,2094 Birchwood Way,Waterloo,Iowa,46647,319-656-9530
122,Chanda,Oakley,69 Eagle Crest Pass,Tucson,Arizona,91010,520-247-0304
123,Ronna,Bissill,67262 Gulseth Place,Long Beach,California,88858,562-456-5498
124,Sissy,Tigner,346 Loeprich Crossing,Albany,New York,25654,518-595-8857
125,Chrisse,Schwandt,17992 Roth Road,Memphis,Tennessee,32640,901-134-6315
126,Bronson,Sinclaire,7 Dwight Pass,Saint Petersburg,Florida,78642,727-284-0729
127,Rosemarie,Pumfrey,21759 Mitchell Place,Louisville,Kentucky,73805,502-367-8818
128,Quinton,Ridsdale,33 Bay Way,Oxnard,California,91544,805-458-1798
129,Mei,Hakeworth,6988 Mccormick Plaza,Bronx,New York,99721,718-158-2027
130,Skelly,Sackes,928 Canary Avenue,New York City,New York,78211,212-906-6636
131,Iona,Seebright,9828 Shelley Junction,Orlando,Florida,53610,407-345-7852
132,Brear,Rasor,987 Independence Point,Lees Summit,Missouri,58864,816-132-6566
133,Winifred,Roxburch,24971 Declaration Way,Los Angeles,California,94457,818-197-6838
134,Vivyanne,Matschek,2 Oak Junction,Erie,Pennsylvania,56220,814-950-2760
135,Casi,Beach,277 Linden Road,Kansas City,Missouri,66679,816-133-5726
136,Trenton,Orys,5148 Grasskamp Hill,Cedar Rapids,Iowa,90439,319-415-2428
137,Maureene,Philipp,75 Carey Lane,Tucson,Arizona,85198,520-221-7983
138,Kenneth,Bescoby,691 Jackson Plaza,Macon,Georgia,68183,478-380-9158
139,Gracie,Critchlow,89617 Eagan Trail,Houston,Texas,61620,713-339-1798
140,Marnie,Bernon,0276 Eagan Place,Carson City,Nevada,88832,775-686-6227
141,Marcella,Heatherington,85 Melby Center,Apache Junction,Arizona,19199,480-760-1461
142,Hannis,Garie,64 Mayer Point,Memphis,Tennessee,42933,901-648-6744
143,Jennifer,Bulle,894 Banding Parkway,Washington,District of Columbia,28281,202-591-1013
144,Wallace,Musto,672 Armistice Lane,Charleston,West Virginia,29640,304-481-1570
145,Dorine,Goulborne,8 8th Park,New York City,New York,14545,646-909-9021
146,Reid,Ludgrove,48 Merchant Center,Washington,District of Columbia,68936,202-103-6047
147,Alfonso,Jacobbe,280 Sugar Trail,Houston,Texas,58252,281-534-8265
148,Grove,Mayfield,76736 Ilene Terrace,Cleveland,Ohio,81361,440-398-5353
149,Isahella,Cockings,3853 Melvin Court,Katy,Texas,81882,832-527-9995
150,Mellicent,Adkin,8 Manley Point,Savannah,Georgia,76535,912-497-1692
151,Gavrielle,Agates,117 Green Ridge Junction,Boston,Massachusetts,98068,617-429-2444
152,Blithe,Szubert,5911 Hermina Hill,Albuquerque,New Mexico,64850,505-976-0910
153,Eben,Giacobillo,086 Hagan Point,Grand Rapids,Michigan,54555,616-242-3577
154,Angy,McLeoid,34784 Tomscot Alley,Santa Barbara,California,38793,805-292-2042
155,Holmes,Matashkin,19456 Anniversary Parkway,Los Angeles,California,73227,310-138-5724
156,Carrol,Veck,89 Twin Pines Trail,Wilkes Barre,Pennsylvania,54342,570-905-0207
157,Brande,Halvorsen,0 Derek Terrace,Richmond,Virginia,33311,540-613-8149
158,Marin,Tregensoe,9189 Nancy Parkway,Milwaukee,Wisconsin,25398,414-413-8747
159,Franky,Learmond,7703 Weeping Birch Street,Chicago,Illinois,35014,312-242-5386
160,Isidro,Bothams,59445 Lakewood Park,Orlando,Florida,43940,407-332-8170
161,Anni,Rackstraw,574 Holy Cross Place,Topeka,Kansas,54238,785-358-6656
162,Noelyn,MacCarter,6 Tennessee Center,New Haven,Connecticut,20020,203-774-1059
163,Chrissy,Tincey,407 Loeprich Hill,Green Bay,Wisconsin,98328,920-552-6309
164,Petronille,Kilford,39 Shelley Street,Atlanta,Georgia,37388,404-980-0233
165,Lara,Assaf,31 Schiller Park,Richmond,Virginia,93529,757-555-4826
166,Smith,Garron,014 Golf Course Junction,Chicago,Illinois,96459,847-395-2156
167,Del,Antoinet,77495 Melody Hill,San Bernardino,California,73136,909-630-1325
168,Shanda,Groundwater,2984 Bluejay Terrace,Sioux Falls,South Dakota,23543,605-589-5614
169,Leona,Gilgryst,1660 Pierstorff Way,Reston,Virginia,91526,571-240-8600
170,Deerdre,Pycock,548 Esker Drive,New York City,New York,25025,212-780-6220
171,Lynette,Olufsen,603 Hauk Alley,Cedar Rapids,Iowa,44896,319-991-3647
172,Karina,Donnel,5346 Mockingbird Street,Laurel,Maryland,10939,410-804-0503
173,Flynn,Boyan,69 Boyd Terrace,Washington,District of Columbia,27378,202-269-9867
174,Hettie,Denman,87028 Carpenter Hill,Danbury,Connecticut,67067,203-492-8363
175,Bessy,Remington,69791 Onsgard Circle,Santa Barbara,California,83561,805-527-6600
176,Hinda,McKinnon,187 Roxbury Park,Santa Barbara,California,22049,805-679-6443
177,Dion,Bontein,006 Ridge Oak Court,Houston,Texas,17260,713-436-6042
178,Judah,Gostage,4777 Killdeer Trail,Bronx,New York,41888,718-631-2639
179,Nichols,Bowlesworth,6 Lillian Drive,Tampa,Florida,26017,813-117-9602
180,Thaine,Ludmann,866 Northland Lane,Memphis,Tennessee,46680,901-815-0216
181,Jake,Cunnington,8 Monica Park,Denver,Colorado,72189,303-286-2195
182,Bentley,Layzell,29 Milwaukee Terrace,Columbus,Ohio,43935,614-998-7182
183,Shepperd,Fouracre,9728 Glendale Alley,Harrisburg,Pennsylvania,15996,717-574-7285
184,Reyna,Planks,403 Muir Pass,Montgomery,Alabama,71678,334-605-4175
185,Antoine,Cossell,7438 Starling Center,Bronx,New York,29563,718-984-1962
186,Quincey,Desport,87 Macpherson Circle,Miami,Florida,85879,305-351-2153
187,Caria,Matherson,5114 Bunting Lane,Charleston,West Virginia,91550,304-975-5570
188,Lionello,Farnell,0004 Parkside Place,Orlando,Florida,80132,954-635-0728
189,Hanan,Kennerley,1 Hudson Park,Washington,District of Columbia,87708,202-367-3370
190,Yolanthe,Rowlinson,7864 Crest Line Terrace,Baltimore,Maryland,87060,410-659-0911
191,Serena,Cullnean,453 Dayton Hill,Winston Salem,North Carolina,36130,336-899-0507
192,Orin,Patron,8783 Monument Road,Albuquerque,New Mexico,86722,505-222-1690
193,Cullan,Mapledorum,40 Stuart Way,Boston,Massachusetts,90122,617-433-2706
194,Timoteo,Jimeno,1 Mccormick Hill,Los Angeles,California,80978,626-121-7944
195,Laurice,Barmadier,4 Kings Terrace,Scottsdale,Arizona,97033,480-451-1376
196,Mathew,Streight,1027 Onsgard Drive,Baltimore,Maryland,95950,410-751-9052
197,Alaine,Sally,74 Oneill Junction,Madison,Wisconsin,50990,608-115-6431
198,Ranna,Harback,0142 Scott Court,Fort Worth,Texas,70676,682-130-8953
199,Sauncho,Learmont,25 School Alley,Los Angeles,California,53230,323-801-7495
200,Lauree,Emms,8 Cottonwood Street,Oklahoma City,Oklahoma,93690,405-983-8910
201,Wyatt,Waltho,5145 Pankratz Avenue,Fort Wayne,Indiana,57526,260-961-0094
202,Phip,Hockey,44873 Manley Center,Saint Louis,Missouri,18031,314-996-7427
203,Toby,Lude,4 La Follette Circle,Chicago,Illinois,50724,312-818-0407
204,Marcel,Echallie,3 Bluejay Road,Miami,Florida,17133,305-676-5228
205,Bobinette,Wetton,7 Victoria Lane,Mc Keesport,Pennsylvania,26756,412-995-2105
206,Deina,Oddboy,33195 Chinook Way,Washington,District of Columbia,71669,202-965-7546
207,Zena,Bernaldez,4573 Meadow Valley Drive,Los Angeles,California,41148,213-800-6145
208,Gipsy,Malone,749 Dakota Street,Washington,District of Columbia,21294,202-835-5103
209,Oswald,Brennenstuhl,1 Trailsway Street,Atlanta,Georgia,55693,404-412-2487
210,Huntington,Ebertz,64170 Shoshone Street,Yakima,Washington,16010,509-957-9743
211,Meredeth,Meo,6328 Schurz Place,San Francisco,California,16959,415-537-9895
212,Stephie,Sturrock,65678 Paget Point,New York City,New York,89280,212-787-0332
213,Ossie,Vasyuchov,08 Canary Pass,El Paso,Texas,22549,915-101-5861
214,Flor,MacCauley,1 Daystar Center,Cleveland,Ohio,48381,216-939-7400
215,Ariel,Wink,78 Talmadge Pass,Arvada,Colorado,38408,303-603-7096
216,Ninon,Cosgrive,218 Arkansas Terrace,Clearwater,Florida,25170,727-644-1061
217,Gwendolin,Harston,07 Barby Junction,Washington,District of Columbia,40564,202-347-7981
218,Brant,Deble,271 Scoville Court,Cleveland,Ohio,67202,216-798-2749
219,Saunder,Rosenauer,01 Talmadge Pass,San Francisco,California,16458,415-556-5652
220,Emmy,Keneleyside,424 Shelley Place,Carson City,Nevada,66995,775-686-9579
221,Kissiah,Garvin,0429 Golden Leaf Alley,San Francisco,California,74312,415-803-6410
222,Giffy,Wakeford,4 Mallory Park,New Hyde Park,New York,56007,516-308-9997
223,Lionel,Gallier,1 Lukken Point,Killeen,Texas,44478,254-347-6060
224,Lucila,Heard,0090 Waxwing Park,San Diego,California,70168,619-988-6337
225,Giffard,Travers,93 Westerfield Alley,Decatur,Illinois,64968,217-327-7597
226,Ban,Mursell,8 Springs Center,Canton,Ohio,68415,330-567-9074
227,Cordelie,Fosbraey,14956 Laurel Hill,Saint Paul,Minnesota,91128,612-349-3308
228,Pammie,Eydel,434 Schlimgen Trail,Aurora,Colorado,81456,303-531-5574
229,Shantee,Cowden,13 Lighthouse Bay Street,Reno,Nevada,11231,775-899-8480
230,Vernon,Breitler,23869 Vidon Circle,Roanoke,Virginia,95907,540-404-4519
231,Ozzy,Brolechan,98 Manufacturers Hill,Waco,Texas,59058,254-926-3006
232,Christalle,Zaniolini,9 Shelley Trail,San Bernardino,California,32404,909-884-0350
233,Scotti,Syme,19 Fairview Center,Laurel,Maryland,35264,202-826-7991
234,Zonnya,Hugo,1258 Mccormick Hill,Wilmington,North Carolina,35996,910-952-7901
235,Ofilia,Ambrosini,70438 Coleman Crossing,Lexington,Kentucky,89610,859-532-3379
236,Lanni,Merrall,8536 Myrtle Circle,Fresno,California,28589,559-974-8643
237,Lanette,Zollner,9901 Susan Circle,Chico,California,12906,916-640-7839
238,Germain,Readman,9 Northridge Avenue,Stockton,California,59758,209-173-6902
239,Antoni,Pheby,47 Onsgard Point,Bethesda,Maryland,12670,301-647-4952
240,Odo,Gillbard,141 Summit Terrace,Port Charlotte,Florida,27285,941-809-3852
241,Franny,McMickan,0 Burning Wood Drive,Young America,Minnesota,30721,952-656-0603
242,Brooks,Neild,2 Steensland Point,Louisville,Kentucky,22777,502-127-6349
243,Kirstin,Elloy,22005 Loeprich Circle,Los Angeles,California,16986,626-539-5166
244,Izak,Harmstone,1 Blaine Pass,Alhambra,California,57471,626-749-2241
245,Heinrick,Rawlison,81355 Blackbird Crossing,Indianapolis,Indiana,73090,317-561-5137
246,Anselm,Czaple,57 Elmside Center,Bozeman,Montana,22128,406-989-8863
247,Ddene,Sundin,06 4th Lane,Grand Junction,Colorado,76272,970-235-7171
248,Farly,Pretsell,69135 Summit Road,Sunnyvale,California,22278,408-129-5551
249,Silvanus,Dennistoun,413 Bonner Trail,Panama City,Florida,71749,850-175-0452
250,Ester,Dorken,1 Michigan Trail,Washington,District of Columbia,84721,202-835-4301
251,Bar,Wolland,98804 Lunder Court,Hayward,California,62434,510-322-7435
252,Graig,Boddy,8 Chinook Point,Great Neck,New York,73696,516-459-8879
253,Charin,Simenel,6528 Lakeland Crossing,Salt Lake City,Utah,97970,801-931-0717
254,Sile,Dilrew,5941 Eagan Center,Dallas,Texas,41581,214-231-3126
255,Sam,Horbart,42966 Melrose Drive,Springfield,Virginia,72327,571-896-6697
256,Joannes,Haigh,3 Melody Drive,Omaha,Nebraska,22479,402-316-2083
257,Ernest,Maseyk,56 Vidon Drive,Oklahoma City,Oklahoma,82225,405-794-0929
258,Minnie,Duffill,5 Morrow Circle,Columbia,South Carolina,11238,803-507-5367
259,Elvyn,Rydeard,2 Fulton Hill,New York City,New York,23837,718-724-3958
260,Tabbie,Whartonby,15990 Main Avenue,Cincinnati,Ohio,81546,513-532-9045
261,Abagail,Itshak,2 Garrison Park,Springfield,Massachusetts,57198,413-856-6701
262,Davida,Schwandt,507 Blue Bill Park Street,Sarasota,Florida,89632,941-963-9913
263,Trixy,Warnes,8026 Rockefeller Crossing,Dallas,Texas,68033,469-395-0490
264,Chloris,Keaveney,21312 Dwight Drive,Richmond,Virginia,39260,804-158-3643
265,Russ,Plummer,3188 Russell Street,Detroit,Michigan,15992,248-121-5007
266,Merna,Deerness,00 Ilene Trail,Boca Raton,Florida,80594,561-719-8589
267,Stefan,Bohler,6 Buell Street,Harrisburg,Pennsylvania,76544,717-263-2394
268,Lorain,Trevon,29716 Jay Way,Roanoke,Virginia,52200,540-487-6562
269,Quintus,Thurbon,3 Crowley Parkway,Louisville,Kentucky,78524,502-179-0545
270,Burty,Beadon,84 Esker Trail,Newton,Massachusetts,97521,508-571-9678
271,Pansy,Gwyther,82 Center Crossing,Saginaw,Michigan,39906,989-220-5978
272,Maryanne,Rosendall,27380 La Follette Road,Tucson,Arizona,65500,520-903-6671
273,Paco,Anshell,1013 Menomonie Center,Houston,Texas,33362,832-786-7461
274,Nadine,Bradbeer,8811 Portage Center,San Antonio,Texas,67304,830-148-0845
275,Chelsae,Lamacraft,300 Welch Alley,Irvine,California,36415,714-576-3737
276,Rodie,Milsom,2 Longview Avenue,Glendale,Arizona,52821,602-628-1254
277,Ingaberg,Hardwin,36472 6th Pass,Toledo,Ohio,79482,419-727-7373
278,Martin,Filchagin,88 Westport Court,Houston,Texas,88433,281-112-4945
279,Cristie,Hathorn,925 Coleman Point,El Paso,Texas,98363,915-784-5353
280,Ursula,Lewsie,82 Tennessee Crossing,Raleigh,North Carolina,25012,919-588-2014
281,Ashbey,Poxson,6 Sutteridge Road,Roanoke,Virginia,11955,540-593-3276
282,Lorry,Hamflett,942 Dryden Park,Sioux Falls,South Dakota,34223,605-206-3695
283,Dalt,Koop,2 Killdeer Road,Bakersfield,California,41406,661-644-7531
284,Fayette,Branch,36 John Wall Parkway,Davenport,Iowa,13660,563-216-8667
285,Ernst,De Meis,28 Elgar Avenue,Mount Vernon,New York,14406,914-320-1808
286,Vincenty,Ceeley,009 Sunnyside Alley,Sacramento,California,42350,916-230-7265
287,Molly,Phython,2 Moose Crossing,Anaheim,California,82256,949-749-5982
288,Joyann,Pelzer,25489 Farragut Plaza,El Paso,Texas,99437,915-726-6610
289,Sari,Le Monnier,6 Cottonwood Parkway,Fairfield,Connecticut,26113,203-176-9233
290,Shirley,Basilio,31304 Moland Junction,Fairbanks,Alaska,58973,907-172-8616
291,Normy,Woodyatt,12252 Union Parkway,Van Nuys,California,65797,213-331-4224
292,Naoma,Deviney,7 Marcy Court,Washington,District of Columbia,28955,202-665-4286
293,Rafa,Decayette,9 Corscot Hill,Miami,Florida,30671,786-692-5892
294,Ev,Golling,65690 John Wall Circle,Atlanta,Georgia,70987,404-665-9026
295,Arluene,Kobke,001 Spenser Road,Phoenix,Arizona,56570,602-900-7116
296,Tabbi,Svanini,4668 Maywood Junction,Jefferson City,Missouri,87070,573-803-2329
297,Tucky,Branthwaite,435 Thompson Lane,Largo,Florida,81139,727-396-3940
298,Marin,Swaile,582 Knutson Crossing,Chicago,Illinois,34995,773-361-4016
299,Denney,Rouzet,9522 Barby Terrace,Fort Collins,Colorado,19918,970-135-2769
300,Dael,Studholme,5598 Northwestern Circle,Columbus,Ohio,36292,614-518-2808